,liquidity_plumbing,bank_bs_funding,prices_inflation,labour_market,household_income_spend,consumer_misery,hh_credit_delinquencies,corp_leverage_maturity,shadow_finance,market_micro_flows,housing_owner,housing_rent,cre_construct,sme_corp_health,retail_ecom,hospitality_leisure,public_finance,logistics_trade,health_social,crime_civil,politics_institutional,geopolitics_war
2015-11-01,,,,,,,,,,,,,,,,,,,,,,
2015-12-01,,,,,,,,,,,,,,,,,,,,,,
2016-01-01,,,,,,,,,,,,,,,,,,,,,,
2016-02-01,,,,,,,,,,,,,,,,,,,,,,
2016-03-01,,,,,,,,,,,,,,,,,,,,,,
2016-04-01,46.35891967337103,52.006286335237654,37.57410780038934,64.2227319687436,49.29036016503291,53.4676283958795,52.80036942791433,45.25693650194057,53.78459679152621,44.93733426005648,42.66744707865343,35.45706875092062,46.197124573195815,41.74105708675776,52.08751378953012,38.26523485660408,42.88396154696876,46.0849641145468,46.326469181053426,57.036582864874994,50.46823774242791,41.270724139264445
2016-05-01,47.05313872900201,48.99769621352165,47.946872276567746,39.3531692888711,38.53283668941908,50.81258714040507,57.005164914162805,53.40904415777615,45.35882892794716,57.54528274826546,46.742457161172176,52.86372994038537,48.70796001058429,48.34996029718141,56.03160190741568,46.537850942317945,53.726311243192775,50.08729818631039,47.00457707963668,51.756663680184744,38.489991875206094,44.64500734291893
2016-06-01,57.065830106010345,47.40711615861574,47.13393784833305,41.763008707738294,49.80233575681725,40.44389851350306,57.16023549313442,47.606246436011574,58.424673467301,44.874926888715514,56.17158430561277,54.94094200519025,46.76823623314523,54.490863366170174,40.556926541623945,66.61660388325836,46.36055294390857,43.04485770244796,54.65219058274921,48.07434778489086,62.632628120984286,46.0949886307926
2016-07-01,54.176941950374456,50.57546433845518,59.8612202429559,50.61970646132967,46.95960302076829,47.83731464500129,49.70116923397547,46.69790768909935,49.87556916633566,40.99838128187878,52.499094616893736,63.22218857570418,54.661133480125514,55.133439262352816,39.84457397812605,53.088109601366696,54.624702631258096,55.67771844473549,55.36136704268353,54.52058337821597,50.88657946850897,64.06857963768448
2016-08-01,58.27412780294425,52.95305588820651,56.67528044460869,40.64625080097043,40.357246410403,61.78539163381198,68.55061289088468,49.182134835046256,43.658992065667256,39.98833551688587,50.07673912818575,58.63978689012998,51.573442252691244,55.238980385110935,45.072906613707055,52.719846089610165,50.74442869244742,57.082813129531324,44.98465546761447,67.17384437325563,47.47353359476044,54.99586451131848
2016-09-01,47.67965736534225,46.080193971583824,43.3155992092943,57.11215642821038,51.984426177903686,42.64889567815562,58.92035501752174,49.88344171321571,54.77158859547171,58.905658145386624,49.28142283057857,66.60786259327571,56.29417011146728,49.68615248502631,43.53151430973923,53.44412148649627,58.36734504195195,53.99732647668653,66.88796924196562,52.3277836459456,48.61515292627596,57.19129520392757
2016-10-01,58.645215265919234,53.412337886500225,49.66762769900543,52.1409094803967,45.4819726446538,51.12460382822138,63.917554092390745,49.54411842372483,58.60811788292681,54.0566385213711,54.71059090125013,55.99137850765878,52.27582596854582,45.38059682321926,59.1421745293633,41.98251016935198,52.023765052457044,50.64833796001101,55.097520692284554,64.9396000053639,55.48935605920631,55.293396318511064
2016-11-01,51.685802785543295,60.26835018336455,58.21452526731567,45.74761401499212,55.59115068490899,58.82359449752833,55.77123587415367,60.89755879200268,55.849325280125655,52.00385445892455,54.44685127956242,52.530047269220496,63.94745348451253,46.20512334917571,43.432987407494124,62.75244975676025,55.74259788537133,46.26521769212283,57.92198398552619,57.67752055857985,48.0871797006959,50.633999073368216
2016-12-01,51.87594194244537,56.02478355803811,49.586391357381075,56.93325727025545,66.46343410906225,52.614036073228704,57.76307197680009,43.77905283728303,62.41909933619894,54.58314996958127,49.86431681835211,48.41534273083701,48.61763683398374,36.566742214859325,61.13540066751054,55.657542191060365,43.287923360809444,53.0258299393928,59.74595569192113,47.908378264211514,42.83086465024205,56.92532569947977
2017-01-01,51.05035069074134,55.957062910264824,61.49501936665757,56.92316892620481,42.072882868609085,49.47322738495663,69.33045044662623,62.19893618561501,56.52573022808644,46.918982208388215,49.91947088316054,60.417635813941594,63.3212676709969,38.495677916549646,45.919637982309006,62.080465175366086,45.59673542165574,59.916177778224466,48.97408725883341,63.66827106702079,56.07852476228598,42.29793280273834
2017-02-01,51.59827226006995,50.286122834591,52.49522371125581,60.26958108928065,60.40753889549659,62.052990396503716,54.103773826923295,62.69853794231546,53.135755503807594,39.40549531008355,53.511591177585636,60.60479111046862,55.72475179877528,44.57639645862442,44.103646733905194,34.85175910744583,49.096695917038254,62.88967178922465,57.049314168041114,73.74267293130052,45.784375881456015,53.02538519971523
2017-03-01,58.7894941171472,57.04135259614576,46.14075043781043,41.59430470157625,45.82472689951783,60.98233087817992,53.008360615006495,56.26383845812244,53.09321991985614,47.36586077939839,53.808659727538796,40.427599257215874,55.6613876470681,56.501121058166206,39.547324063144934,60.87086054793134,58.2832312963681,54.75205080609923,76.56526792800445,60.51830550067322,59.609118822805954,49.19397370139036
2017-04-01,56.954684441065204,57.24455223711858,56.10644697401949,54.07033016549111,57.67773241563938,59.884386275447085,48.496724194375474,63.524734093680564,42.51507596520111,52.75372058895306,67.12130839363523,50.101330697049946,58.899420951702496,58.13881930224309,55.470554018617435,47.86458913896166,53.72846784774859,51.50878838713363,55.062195658157144,45.18693024920013,57.548982320944766,58.698979787401214
2017-05-01,42.16331666309461,53.98089848970315,66.99298767898854,54.343482135489154,43.537410862960755,63.67826419791186,51.81741793386264,52.194528460558125,47.094417115345436,48.637876327465385,50.77843467891687,48.76953472503257,45.531186012808014,54.704788434363635,43.51753976034983,41.83734332773918,47.850187736379354,49.096798988812246,64.29256814552429,67.06371676308105,58.6544943079853,52.92378504351871
2017-06-01,57.82756146932402,52.83426737007122,63.65971784262007,49.68263208852373,42.0156981295741,48.23612429118624,48.46416375495204,60.71521983994749,48.7353100516713,55.90563252255646,58.89205573432129,54.28344021529308,50.87071906333193,59.21351579754698,54.38365408589141,40.03667404882607,56.37955559680476,55.774285040244486,64.89138850493552,48.88151322825287,50.74247543104705,53.79352227407511
2017-07-01,53.44191410022099,53.17208890553765,64.03617829224498,45.909139505458114,45.43870462599468,63.912423915213544,56.57510610288205,48.76309114108041,51.648078196002515,54.94106517638796,53.07940034997407,54.60300992902046,40.9213222046603,52.19655436657054,48.75290247000144,53.222195840199454,64.24993073966021,50.15286780711478,52.17010345660422,48.013028034317784,51.01870859241163,50.92060312144898
2017-08-01,52.78854764301574,48.99061810235945,49.47789302890676,45.54686177219928,34.31596104832821,51.73061019267894,54.519204692668616,60.9901473528957,63.14789995161745,52.56142917580449,59.469310305438086,53.59317336500639,60.884532850842625,49.42592149816562,50.3113980705439,51.0915527853783,54.21879355604657,45.128930972644405,59.90760565096464,78.99639936754139,45.25994618399845,60.11757775309677
2017-09-01,56.0853991588004,50.01708684867633,69.02039164039041,56.96618232637693,47.56035763366623,71.83215335375486,48.74842290892404,60.00295596859928,51.35861377130094,53.82554155849607,48.658841428330376,50.32934177495753,47.46430912714949,56.53138706426873,43.21263070863208,44.96207584012879,54.531498394558916,52.07984823726645,68.29591483181662,44.12146319999949,53.120919791695144,60.79789203718186
2017-10-01,50.15452161549104,45.51560155030784,52.07978594052634,62.00222902529111,48.498997786588525,57.31623456648228,50.9082333696892,55.08764019193664,58.56698907552606,48.5835597218971,44.887557319201285,52.27303408136964,53.59480222435923,60.603537844093296,42.79297749972287,43.35906972588374,50.811850185321894,50.81884694956425,75.74277814397645,51.53950619868554,55.21123079410997,44.45274956153176
2017-11-01,47.61426341485603,58.17131626080315,54.01050794762845,45.52063598907233,44.93440291433344,52.513456496938076,51.15108686951321,63.83949312288322,50.60211381430942,49.56607736524913,61.25559902563727,55.23377640678894,61.90378774823426,46.69379623939615,45.241854619022234,44.61231289547783,61.036277472714005,41.03495722438538,58.507658729777376,53.69467536771487,33.73460025811853,53.26965767565865
2017-12-01,49.63763663054427,55.945237051092846,59.36178947393505,50.72164480417738,42.445188082959234,65.30304552568262,63.19365624582254,65.76298510230052,50.280208119744344,50.81961025659838,50.66609142694578,55.065934839361454,57.74618617897289,52.13058683916185,50.3146106970414,44.52384717399802,54.7066439243265,47.33026004693251,49.140820301844066,58.046042237106846,50.87726734317683,47.01269303838872
2018-01-01,42.63880384275208,50.935085127863,55.921474617351166,53.31761402835348,43.57886571688163,59.847149320751015,62.563583512447295,62.334785526310746,54.36196417478729,63.262636792244194,55.90297435524942,59.459879549835144,48.33136352202114,63.46316235532227,43.2662956846473,51.04032367885456,53.696403720242216,35.98501356708196,68.02665566001309,44.4507693079169,47.07858075369205,33.92252943586362
2018-02-01,61.112069796285844,52.882971802200274,46.89859723499245,42.531611650231795,50.24014568867165,51.19578147838986,58.081413790441374,53.424913567344475,54.401055120036986,50.281417719811,53.38254930907992,54.73293007442217,48.75449588102791,59.1729473038942,56.56019814571845,50.73750401966423,49.2078019205575,39.92654134958375,53.063833237032185,53.61570167207285,59.41761092312422,43.68885094298344
2018-03-01,46.095485139255686,58.21255251279674,43.32795635459941,55.41637020030181,57.25838671736173,64.75142406602404,39.07914550945448,56.11434344932896,58.95626412936923,54.444714853783424,56.70123184907551,62.83855966607831,53.25752412234987,47.61262326665801,33.17361485275255,62.14323801792887,46.16042020271403,47.812391055606135,48.94845595401016,49.67740445771486,44.2237194489678,40.57275585281617
2018-04-01,47.64340305738669,55.42180263232625,57.677970484147195,52.49757527021937,51.28317075664091,50.394822120414396,40.20224624277731,56.0726179804756,56.82367436989858,58.78558078317205,50.74640950857366,65.97923146061311,48.7484453825587,48.57615603196368,49.163369979447225,46.7169519900785,54.243145350942925,45.71120747137332,49.135574212619986,55.95800822321402,50.489636897925045,37.03089112010262
2018-05-01,55.316664359238864,52.691607312860306,48.40692963100035,52.50087521512904,35.91314928535974,41.535220997435495,61.04047108277041,49.61055694473394,42.37561391447852,60.70066854510897,40.73071675292686,37.69478377093421,44.262153141216814,57.64568043318038,44.07769621616299,55.73363240313255,43.96890693864486,46.37110212885936,53.74886337814309,69.82368759056942,28.9878286489042,49.05273498285902
2018-06-01,55.0234263253886,46.631768358347585,58.82174182762857,49.73952658669289,54.57724208358885,64.48806049250432,61.70591854778731,53.334470483777935,41.68801586590645,42.29736054284882,42.62472546265454,57.47451766342769,51.54183993127155,51.30815947082797,40.3247746554329,33.45090762676102,43.85468057899593,60.04324759354455,56.91926126418429,50.319149122440706,50.3168441727425,45.94890522932021
2018-07-01,58.75983627906412,54.13024629231157,58.384266491555806,53.324123195180846,45.903485851379926,49.54525334908998,60.57913485172422,49.37329148813409,45.97802584620667,47.33429395812632,53.47237792001734,50.4085463319856,45.688908230897354,49.60000113845266,42.21936034748372,46.024195179187046,56.14632661619103,49.297142494684906,41.08537082913856,52.35782514064827,48.14947253471811,55.777288143392965
2018-08-01,52.390703210086,53.67790555069229,49.009715635138356,44.30622479832749,50.115499178965166,64.24826665010163,55.12077048197898,59.70040922392808,46.921532929652486,52.43163112746555,50.74965469539677,64.022977251559,45.91660459819291,41.57457867565674,62.55710074275391,62.25133745190103,54.53394569866172,60.02222886740381,49.204457657341294,56.47392833553199,52.26380809341018,53.23978085033501
2018-09-01,49.296977477067074,49.70245502996501,56.50536384917443,51.23640712393882,61.12077186653358,46.45786195615416,54.52547360499962,46.74551445596175,48.05796837614156,54.08900568185317,45.582213097114746,50.63339025777982,52.7410609319179,46.21949867708546,55.58798686165993,54.75901284943844,37.5026586170514,47.753709131618,64.88755072542176,51.71227505606251,60.71007817506482,53.322059878625964
2018-10-01,51.11689443766478,52.30670225694065,55.10008456903276,41.52881939220651,48.007532004560375,59.65715278067597,54.39917199804523,53.98802077209776,44.19461655002466,53.299846006292924,55.407325540870985,52.20944317241763,53.83465828787779,51.84141566656694,40.86721989589978,55.00794298479828,58.92779815034864,40.88359493224834,52.77823650823929,70.75941000537958,55.545814084520984,46.449628403482194
2018-11-01,59.54804870652262,49.913561770409316,46.92668160403039,49.74961578224581,62.89793650601597,48.88175719808017,57.443292855405325,51.27863154122467,47.531423085294755,41.61209612581854,45.7880092353639,55.940256331125916,32.89814828603769,63.4586692233995,30.87925248521176,43.56641252326261,60.50456177291693,42.036512436847794,50.14094968978021,59.614968760681776,49.907787439532,57.73048143120056
2018-12-01,50.79499267676925,46.994202726155706,49.01086878763087,45.98642969801371,45.18313707503377,52.9406728116355,46.79894814207157,60.51813572588549,55.719405281056325,41.950428937704764,54.31922660253298,47.49875038693503,43.03438060854412,57.24758971324723,60.80805751770673,58.78922319443549,53.91576115959434,35.25241351968947,55.31826120363074,51.38816861636284,49.72070741644748,41.214821637132815
2019-01-01,69.22657354769458,49.66503413434328,56.51437815745126,54.1195133276827,45.74326104710752,44.87203165687578,59.84297707432629,55.9932587134202,51.48626509024841,47.04167019101931,52.35437779345486,60.049185299701946,52.692512744381204,57.273258376600985,56.39226374409253,35.322886331954344,56.28585437674748,42.48615805006441,53.95880959888081,55.74878487754934,50.42178222510583,54.13256006044946
2019-02-01,51.3152388473102,49.96857275777964,56.53681658835097,53.113846786400785,50.61009999985916,66.93074260292421,55.16519205354311,58.180469388071906,44.697490595046006,50.282878636724654,55.55975128719875,57.17918432226377,53.7690320184546,53.462422432619924,51.85756145081128,50.098893793758165,66.19581224726232,38.0346846745216,67.05539221127586,57.376228131369416,44.600348681214946,54.82707780393574
2019-03-01,52.33889271186723,42.913440934888015,57.164018283680605,46.304259607556645,64.58760932745821,59.60907473215954,65.52852752821263,55.854401884895545,48.22653792378289,56.85053632276957,55.945462664826096,49.0801581481834,49.66714261884978,49.18782820136168,45.600600310277756,46.92803785691368,59.09402850789657,47.238820040332094,46.834979989627364,57.02636274340681,50.397707257443436,54.66279463616172
2019-04-01,55.34151311064017,52.7820459103482,44.71312854170246,51.64376288107351,54.29860666426635,48.6850232117509,56.70599047730875,55.21170328669254,48.93185758461759,46.81031967434352,56.36580028784726,60.85806600220999,38.13408269068309,48.42425335334799,44.3253282257071,40.175553775999646,51.19768071646163,60.80779601591069,51.99088458609384,48.99511336734464,57.06193939500429,53.6170625352234
2019-05-01,60.5604840287508,52.871342555963736,54.90435567606774,47.15872255693279,58.88164820055537,47.58666605487494,46.68282342807385,62.95104150399102,46.671721679169956,45.17913032184846,59.32389011403477,41.59821138600719,46.96711981726095,51.326175742437805,45.198845040624235,42.703321620381104,52.98724475396261,56.44317844145642,64.4993062159909,54.52558862142566,56.67956823613282,43.21516522666922
2019-06-01,42.24401770260005,47.40517002335517,45.04217130184685,51.74343916867409,42.04050137832003,64.29616447004338,58.49292688751333,50.90933710377995,49.62233601302068,50.97482839037063,67.12210677619676,54.16304488057943,47.46689906468323,59.843302756526256,45.94115322921585,39.58888971773064,48.37030891841004,61.303243763729746,59.26391512154397,58.56994378056275,71.78322334905337,59.264055978639725
2019-07-01,46.747644738927,52.87262870282188,58.054264395390845,42.209871552227455,41.572718879704766,44.14240284293636,54.6731332838466,58.32482020948695,48.479391261458616,51.560128144319435,49.846431243377566,54.005245227492495,41.23387170468141,64.3154445116157,48.35899283593807,56.41707705444133,47.64612468795069,69.36005969582789,68.30587119911242,38.732585822033464,42.780639315691346,45.45316179519914
2019-08-01,49.47420809197866,52.97615255912544,66.3948120060804,49.783853867372926,54.33258602200995,65.92087686371946,56.949140801354574,55.05527331464432,51.477434998310855,50.724777312738574,43.65056021100424,57.058659976928794,55.326437616180655,49.33369123035249,43.73254589348186,49.53210851325826,49.87529532571004,46.2568931506197,52.69230421372297,54.68712924627937,58.08773736699685,42.10510061631179
2019-09-01,62.14794822495588,54.92897605115215,56.94863747806282,53.34207160546455,44.84484222684003,61.61588116012324,63.99061965201652,52.86830798589117,50.94648243219454,45.47367665521399,45.250941346824256,51.06992662600692,45.97173774829128,45.789029183703285,46.817518627548246,57.78405416459881,48.34823850630598,51.56797941936966,43.432947167363594,63.37254780501674,37.08809408972017,47.820040409425104
2019-10-01,46.82105225238067,50.4584507903634,46.096724336376354,56.40736313298869,60.93565008509766,61.174369012753274,57.094882778965264,46.773601448373114,61.0930997242618,52.316745230808785,51.68188382069107,46.30584231994063,57.4913276779088,41.65099484414326,37.58128428019891,56.95477097835567,56.12834252263742,46.02953136967516,56.578670586243334,71.93706649198472,47.35469831608511,57.54241698140703
2019-11-01,41.04541525811151,56.310031793473286,49.717186755487674,47.848154420677076,57.6534113414242,51.39356196082367,69.88162786486743,46.75055805841133,61.51877628621163,50.55967133448518,57.265965441853695,73.81158060648316,54.2854172384121,41.34849602709547,32.13961058023275,33.43749897706498,57.12855912986703,43.17032025537648,56.64775217277365,58.146393503353536,47.62652910891159,55.86927381612092
2019-12-01,40.79980333792349,55.690467532109565,54.75081558435706,44.54861612416124,42.757867856478065,57.976826298179816,61.383357694317915,56.64552553900886,53.61206336693458,43.648858368668684,53.175423111202086,51.55013547108955,49.3208714642969,50.2156487922114,39.522997827589826,47.296205711083175,48.533303176840285,50.58244555554276,50.039315838220034,60.13088438543957,45.64530971878376,58.14890750963838
2020-01-01,54.2816369595165,58.56309460750674,62.78786496827074,47.97949241382066,42.77455927316675,77.86108457754395,54.08765121302214,54.34869105504077,54.28753546325248,45.380757551833284,47.85959952450777,63.012656019517394,55.92720883930013,49.94602606538264,38.7545703813909,67.63986960193378,61.31640671682047,48.9024166259038,56.62760607020742,71.95889122897498,53.29479338182827,49.51489304009979
2020-02-01,44.94313340207954,48.548464184404175,52.95852192801982,43.27532331342219,47.139287078711014,44.55123370153773,47.77095390092352,46.997301691146774,47.70867742377074,48.78272910215719,50.82952131137191,45.572554309094485,45.06005662662085,53.12475198668768,42.82647540650827,66.42387679077277,57.129248642439556,38.8724107258216,58.9777303333001,58.48283714857242,52.33787993752671,54.39127034431128
2020-03-01,54.79702026938267,60.02111657461448,58.039223115519704,54.78231191726324,50.38704466692437,58.118901228298064,53.31302880773537,55.673409300488814,42.182578150513976,56.13842342918789,63.54392602360615,54.31833632660996,52.18714361286494,56.88667708371501,59.4872322562737,41.58735053953446,49.947360772387924,46.18790044281423,67.8427539077875,60.512034394955855,54.03157875809262,56.7075200703073
2020-04-01,61.71285184172114,46.38769976497103,50.914677968417436,48.19007900960973,46.46570969535436,63.70992242113066,56.73831633967819,58.70513635813276,48.692504014318416,52.53058528318369,52.01116342972685,63.21575854277446,50.162431103465124,39.82720959596261,57.38153427626032,43.39474188555285,54.74127410077957,44.0455635212416,55.84478324580796,61.367720663143636,45.44838398750944,57.45070121717398
2020-05-01,56.1992278351711,53.46341407433533,51.68518543684719,49.85483083758813,45.88101401333165,54.12526968795095,61.33565589080211,48.55752982300094,46.60717246725949,45.58285131433621,63.44018172335963,44.00082298510897,63.22333912676362,44.686742141165126,51.11336627372358,49.67778698003339,50.71197074102895,39.76534717553117,46.411687328212636,56.38695145361423,42.68093806307931,63.126955730675256
2020-06-01,55.0730686736891,49.606579439264266,59.00577833404766,45.38906128007383,43.24292419656791,47.83111948575163,46.59175170787192,53.822795997221206,44.744365323324004,48.473167007021445,56.120101063206945,46.361552095726765,61.59597516130591,58.3459406067654,53.336921360148175,37.28463677076242,65.87104781572069,38.979650842376735,64.4101284724113,44.61511001607559,47.082721635191504,49.01084025515684
2020-07-01,50.589651768907515,47.592812600531246,60.002139478018044,55.11818788885121,50.910879971436536,59.89439042206102,47.07296238539916,58.73667338022056,46.92401779101201,56.434143393535564,49.58414981816494,53.76929704848561,45.27093041572433,52.075717367750975,63.79781182295695,53.12342599218859,58.75294788878858,59.08256750680888,44.75887704205713,57.07874713710968,46.47563616355931,50.82572533042992
2020-08-01,54.366314095452324,58.4179896529558,55.95414809803259,42.62722544477766,42.297849278511045,65.39187762965386,53.58794309962856,60.65493756046322,50.2581661968844,59.651137974139125,67.23323851322007,42.26902143874226,48.080028858290554,42.05479536750074,48.67915569181859,49.59841183337279,58.20731898299374,50.53290868264757,55.07228563082909,55.59772067467118,57.188532986338025,55.102941628233694
2020-09-01,59.27180897956639,55.65513761616455,60.248012528759716,48.39174340239671,42.886520923538754,64.1679378225154,55.28908618472436,47.78979169045221,55.44237379048882,50.313378345406406,54.762626780228054,57.38578775429311,50.84687397944648,57.14507710234334,39.47088327985175,50.30783311668877,51.407970599477274,50.92618317109774,55.866551361919385,60.209734202600316,57.266437796513074,46.180292309080166
2020-10-01,37.45885220951276,45.29071020753828,49.533642949525415,57.30820449370072,53.46345464511813,62.44051193767115,66.78466848760912,66.60141602703925,58.27608588899126,53.13595703467416,51.50582143533792,46.447539226700066,56.46730249748793,57.41649435306523,42.24389092913462,48.189077276875494,55.73879237682392,44.319266418404936,46.795976180906486,54.02156748958766,37.61000053257755,50.38352765864978
2020-11-01,49.302983448980505,50.877994327936804,50.661581400555846,51.620292496095814,51.84222499589352,47.44196097077683,48.96194753825228,52.59537920341755,62.723040887222915,55.468313210795074,56.1296348225848,61.835036076435955,56.035777351422546,52.71181278342907,47.23807623226239,64.60125128783686,51.15670812523593,58.37889148992025,54.196475779909306,40.447066878668906,54.214367896167666,50.20689656505505
2020-12-01,49.919517881529686,47.98043437510282,61.848518850548544,47.49018038122971,49.45111679428146,65.33356844484804,63.67404839178337,45.83867088250334,59.287508220341785,36.856534188150604,56.15328059501053,48.10878968694751,45.595318850925565,59.408043640142566,45.18633123341695,58.494054389101194,43.42956108383968,52.20144100645305,62.29476611090177,71.4739727195555,53.09618861546323,56.6687166159203
2021-01-01,52.51248917930582,47.952840412524544,33.50785611403961,43.144441316646414,48.36330095948266,59.472924245502064,63.94112811994417,49.49336965374904,63.181067302341376,47.509310465081256,50.99457348516184,58.55611253348923,39.78108884385761,74.42974237588281,53.15949403757742,52.20991365410234,51.87842329128028,64.92064893028146,50.27013316187265,61.19157273556236,46.95830529078183,48.98423984857748
2021-02-01,49.888877838603186,54.999743159748846,55.51577882026655,52.27756341770751,55.6042600832613,56.92249231590269,56.1844646219827,68.30161943481947,57.533277867801374,33.780384831653805,45.83475819694156,56.207806086585734,40.42988417827468,43.80881803925448,47.17441740596615,36.815460604666036,41.64433105370614,59.71276082956362,60.35283543441565,69.49078347487921,38.989665161262266,46.2868342142649
2021-03-01,51.06885503726345,49.03036324966354,44.7320786989347,36.10379295019621,45.49328350995768,56.974711561245336,63.39434920399722,52.31355921807951,59.95616291363629,45.91377488443069,48.886710814542106,48.91487789874442,33.03435613890018,61.617688664496555,53.41632920008201,54.89372026460627,49.624788419142526,48.214881095873125,41.594772881816205,54.23986546157578,45.82588047268848,45.22053712162098
2021-04-01,50.96128721657426,53.54333733330665,54.83697364654141,51.73559933409138,45.704814404378304,57.16550899293614,53.02469443591015,59.42531916121842,50.37018495138872,48.56699842002043,50.89923320678285,57.57751895143309,50.611625411548545,43.897895189465345,54.22605057442292,54.40320296618246,54.700497690863344,43.451554055461905,59.075955354802346,49.37280242041961,65.54416386278858,48.17406900815591
2021-05-01,41.91250543614671,57.65316209117257,54.45749901186592,48.41713880231299,42.58142528464102,50.54579792626142,56.14922597019704,57.07848397267812,44.50040823660276,55.18767773433789,35.4265634237786,55.38696657028038,41.65891337971704,42.63024634561541,62.68111318111684,44.36231819074719,45.82787117446072,54.572107653360156,68.22218880447647,76.0101780598965,50.86477630972503,49.81863902270662
2021-06-01,63.56743101197707,52.6755344636681,47.646617250968504,49.31626201369668,46.92293117032505,42.995950781904845,62.38596489193972,57.1800590495004,40.633785843643025,48.359021669684026,57.07578986390766,43.978023109259176,58.290638120619136,46.43454185155788,47.52273915021174,55.3908678920527,50.582270430616674,69.52653483075248,64.61607574557867,50.68723039465262,54.58108022974184,56.73677975407585
2021-07-01,53.58332141934382,54.337894822465735,63.793894665633104,38.97957708750937,46.94601690932159,55.59203109660519,53.57934774208011,48.91423022304423,34.92084613980366,46.49251470321839,52.86387171686671,54.82520769102518,46.45154089555287,59.34525052365219,45.15638179158884,40.88840815781398,60.24797778502577,63.17364721597321,66.7550909493738,44.19270249371665,59.00242416714941,42.09754691887657
2021-08-01,48.84694962646204,53.422862674015995,52.94396208682326,45.97209381041478,45.30399640240788,52.32021118953467,53.422552447032785,46.24897921680937,41.135795026901675,58.61758743872812,49.73994881747777,50.321812553101125,52.846349113965886,57.9193282962746,58.18925188055191,76.6618996806422,58.53956178225921,56.15790492507091,60.9677348076904,61.359567314928185,60.84843444651041,46.33947746472071
2021-09-01,49.609995444011645,50.892807260249434,58.45852368246532,55.858910452914515,47.69857397937186,53.36959237541016,51.038957528552686,55.379336088129534,55.23703432044487,50.391386950373686,58.02895345989158,51.98860408894942,43.29922949299029,53.045473861475074,51.02864790698783,46.217193353081676,45.37166471832414,50.47726014674394,56.87553421818566,51.14294614747084,58.28725014078665,38.5032026980605
2021-10-01,50.93735292394371,43.876045000176,49.23506771163801,51.50375715392758,37.19086271421211,66.90314097373998,66.89986357456327,49.01650462836592,50.47235966675156,48.44605865861187,55.90172466426706,49.557911929219564,56.359791105919726,41.497567226421054,35.74138378621005,42.56932068071109,50.89716230264789,32.11466189683054,60.20777770020225,50.86265737835815,42.34329094497078,33.447385829556616
2021-11-01,51.938131277820375,59.23616914048347,52.29950597598541,67.43694844010966,46.91109001211206,64.55660806827636,55.47324444829558,56.82742665296798,46.374775715595845,54.31337899510879,50.07026861966948,55.77526633557503,48.56333017178916,66.04274245147467,54.13736432705263,48.71715253047139,54.668307039918226,37.726869660612905,48.17382203912196,51.35275550403382,40.44526873428273,60.97192168842108
2021-12-01,38.52627107635679,55.27097539363717,51.882686756516385,46.95777514905309,40.1559307275612,55.88795885150236,50.77650454363614,58.95464455379285,49.29183371491946,47.05829911720912,69.11285673915222,49.16067508476558,52.31379575771636,47.81205971406952,30.890377486291776,47.47644335336359,45.82107568574445,44.04302778373689,52.720864213508776,64.56086756425152,52.72164147270951,56.40145953709096
2022-01-01,61.51643595591521,53.8958346114482,63.625428927509965,46.06729037605918,62.954427462227066,68.78871578154126,60.68993814266837,60.36474054345577,53.521253045735435,51.63749739971326,55.41372587677041,49.1180725464221,62.65019484797719,49.054533727437196,48.156171813010495,49.168158982304796,59.41902245491184,50.7735938797513,57.44146019944846,75.82809994726142,53.4001394122219,55.994584448305986
2022-02-01,51.7065535557972,56.52379805036031,53.195016432903884,46.460616568123584,54.589384558919505,45.746689969860284,51.80321930108089,58.46813438830351,59.10106941767636,53.931245456344335,56.69755873325535,53.87931088672504,52.079458333279355,48.512218467933266,44.048352157351296,47.1688806273564,49.836868435626734,50.948633346768105,61.87310862710751,71.24126169414504,56.557011542164915,61.62656588122512
2022-03-01,54.93810392034065,50.189352571082296,55.30336200974901,42.02537786742337,46.05198428117488,62.71042828532268,54.57232469214329,48.98605690294932,57.35468865898049,53.058555672297075,62.43205673064375,51.55466962084147,45.73925627610253,62.023775528490944,50.271989497524494,41.67318596217863,55.93573974620423,46.16559393336032,59.58755630170819,66.97826003517119,55.6953628836835,62.414278740165145
2022-04-01,61.63770176487138,57.4088107207008,54.637714556458945,48.030685122265005,48.06491478774144,52.86309267054339,60.67069954377279,59.85385767795414,37.64616267285322,51.98795382790365,53.351211999929376,69.2925869018978,62.69564840495505,49.241661421526366,40.0622409704813,40.78527290512162,57.420521405462694,53.62732876266042,57.039765799189446,41.8921176076437,37.42066157287965,50.193902797092896
2022-05-01,49.07827944162834,50.87027578478526,50.37906346233153,44.7319940600282,56.10462505073852,54.92436649358406,43.58849013222313,45.3330473444372,59.990576211825065,46.72736410872403,46.08796660041941,45.03298331137569,49.61168991975843,49.25301117818373,47.69505398769306,55.11095164194043,55.05522582518299,54.20598489603083,63.65940242246266,54.65230945753244,39.341564007781855,42.1492375211205
2022-06-01,43.47023989889122,41.673678631922584,53.854371347048385,51.91511381436151,44.43844166483667,62.44570200635142,60.40688552617479,50.87862357203832,42.39145906811535,44.30637866437135,53.8105698491292,42.567398675139124,59.61415316618265,47.17037370941224,45.82683067195056,28.718891795580625,51.9445250493094,49.36997418713956,53.74125607292869,64.18188222456781,57.562858675414866,54.48814032175354
2022-07-01,43.27552612896369,57.331891613846324,55.522089357044635,46.96349824791861,48.48625557223101,50.91408022118199,45.45145729469164,47.01692149635487,51.497558387869006,43.177212901938745,51.076681944905786,51.434963516353264,53.21804684203386,44.08105224295392,46.878189245292695,58.18087612055595,55.22984294817502,52.86488637747987,52.778415121882624,41.29287136743687,74.46035252993444,53.889721241646996
2022-08-01,52.023263518601254,50.074532630978794,45.087753857739806,54.100932885331794,43.87209204851719,47.73581587605939,53.5317769685642,43.65768895381689,44.42463189133336,55.96458939351982,33.63932234268935,64.97458736389422,49.71013934300774,52.530455731829626,60.247234750581896,32.769846049617996,52.53016075187941,63.744087596882174,59.241243862984334,55.135694586748194,48.646871897913734,54.15597427211186
2022-09-01,54.12687861731891,52.82132325112281,51.13867568882797,53.71246339729713,51.23336225057257,66.59327582877143,58.61519326281625,51.01283412151018,40.67376345303167,51.87537335178196,50.95453639729563,56.94907200118913,58.1449098127237,50.05436079330671,43.63750655777767,45.35840421467648,56.91190780326198,46.35454018676476,59.72088076251703,56.439887588706355,62.01883878441502,54.756756572530385
2022-10-01,49.25392819331272,55.60347199833957,56.39720165507215,50.74160503073742,44.81570228065865,45.58624412255591,58.26016854337486,61.2981135569904,43.05124165105465,41.15135430593203,58.27465391473275,59.97338154236043,49.394312375214085,44.37997847348622,57.39264348167573,56.63306979637467,51.05128707388365,53.719902793048064,44.43306219622829,40.12947627576878,60.39081491674624,52.4970518314949
2022-11-01,49.214984722943655,57.47882157468747,43.76683940831484,37.441569957518126,48.520492802731724,53.49143638160334,61.57601339015158,44.27571825322912,52.696955390856274,46.224441312941124,59.86805065661015,49.310474208903024,56.29894744872311,45.618156138035495,50.50957240717888,48.61868945699131,50.770521491505825,54.448709854793094,58.831947153667706,48.86064424093586,45.624944305419085,43.205238983413174
2022-12-01,47.720661458139,52.59974735444682,50.83359906892473,49.93475278904576,47.437318437031564,40.22847267515223,51.18540848069519,55.59389919987828,46.673659988571174,37.94026083903731,58.441132552144495,59.551641336238916,53.96441925806759,59.06960593092227,61.82731461887893,58.08103341953332,54.392552519863195,46.27424586873263,56.223788664791314,28.783234106328855,37.6495558446404,47.02077756502865
2023-01-01,54.66330208427917,52.067800654196645,61.06395909820688,41.20841860524228,55.5793765757883,52.419641906755146,51.7653914950823,53.38356113009728,45.5543657719728,48.38038248968416,43.656243898026645,58.91987387399663,47.40203428319581,52.15774298169629,47.78027942733959,45.09554839795614,54.52612884264564,49.43423953637737,45.441550399184095,44.40057301542628,32.179563080944625,47.54530447663973
2023-02-01,62.01633175690599,55.122493190594966,50.62231775379768,52.06654658516227,61.198969627501,56.50123648762244,59.559325411678266,49.071715381597315,49.03499273019246,59.31819643754703,51.69095838619077,60.04739266033233,41.96946918658896,50.372378900502596,44.48963407708575,49.408007696214625,53.9418338793042,49.54680076037142,51.57472618913064,71.35968224884802,61.4000914709494,47.616501980597896
2023-03-01,48.665129221160626,49.87017876014883,54.76493202599565,51.71158211754653,58.83147644915061,54.82141912620963,65.18754800054833,50.22887663878803,53.30049417148435,39.0632046617811,56.127023535431704,42.4930100826483,57.34130975820106,59.16165232020005,63.07468928056504,62.00902435537526,49.636742925626926,43.272083255330166,60.54840118076116,40.53858769424202,60.274040203949276,47.0203303119607
2023-04-01,47.918033282697564,55.86238171444293,62.96122220926716,45.70880551800705,48.00565296428336,52.095103716548465,73.48268211661326,46.38012511014882,50.36322753153263,52.86950744046558,63.41274459741033,59.796261660673764,48.22312579030949,47.28275293973648,44.27343242683918,56.51773489457199,47.358006151375015,43.160884571482875,58.67321395384262,66.9555487539001,47.01942965034725,50.73119239439313
2023-05-01,50.814560144066846,57.16855096404136,46.62659184711052,46.392118042394095,42.040985997843386,50.354776813174055,64.54889834903214,59.693608927699195,43.33003961587694,51.39697056990141,37.31282809853277,61.7339535063418,51.73236736993189,52.724553084877805,46.69709604859127,66.30419764404452,55.82410684526465,40.537518332093406,58.592702718605295,57.220170109206876,41.617515790550016,56.10391666275018
2023-06-01,45.30444482310411,45.69098854079442,60.26699154838518,50.03486014794639,48.538854057459744,54.66605458291316,59.734294516756194,64.24518982346179,50.73151523666563,73.47919823290958,46.91091454968491,47.49486963003416,58.31365242492272,47.608464525150616,46.61200964993907,69.30760262772364,52.479057342063086,52.65935405122949,52.97553577918813,43.35665180110166,44.71503613493489,76.10939000969209
2023-07-01,62.59681001506861,56.07056532896567,55.67287634516375,56.82046060704853,52.58883748814637,51.70124025132212,47.19513105018535,69.41698617664957,47.09686939657092,58.10378637774099,59.678513074388704,58.85157044205511,53.286884864693754,53.13612881034977,50.28800476603817,36.92736473977628,53.843317066954235,52.09678768438192,56.83166735700473,47.73111419853694,52.76305035896749,59.942223779538395
2023-08-01,46.4509403110184,53.8423675395684,55.83007797866274,49.00088244733298,56.68740642480576,60.470305896107625,58.85113384431426,47.60046535782334,60.52856370599841,53.780185612858645,56.38818051282176,51.85199408379456,58.292309694230056,43.53652579425218,48.19718540970923,39.84580823253072,58.401812599531524,39.506708570375636,56.900250859131624,51.019338647013754,56.19483881993991,65.14309717362094
2023-09-01,50.250731176939034,57.12763136050599,68.82156736415044,45.904229854013664,37.8748733463405,57.7990667320774,60.99816089217767,52.13539911883459,55.64731118845856,56.91159930516116,49.02770632122724,50.54835660514051,41.444680076449025,63.42071943364035,42.39155508415411,43.08095271945599,58.70832414281373,44.88775109156752,62.83731867951085,69.25826651775641,68.14347256077538,55.570218473808765
2023-10-01,46.1067060510355,49.531937335800784,50.6811100981246,58.860809138011376,46.687371992461884,57.92964833259765,52.571163794103086,58.92084411448958,52.07913251853499,52.9524374672269,56.509501254858066,54.2709245820918,52.6509310454302,42.64212182421472,58.379344583408496,53.93633387069111,57.161137318466814,53.9518162372514,60.991480756088336,54.43625799848172,50.17481496716247,49.01488876405208
2023-11-01,39.90411297400592,49.3518656870974,49.99112358488672,45.8306429248609,45.69617713349289,51.888611756062936,52.63656624949016,47.40495360062706,61.22721430948654,50.27843695060641,59.58878879563562,46.341799289271776,54.61153259094847,55.14278338771142,53.12463257990405,39.90380578670293,41.8222514600865,42.131070195074116,51.66083175347335,64.74836763576901,68.94303323561633,53.686347602654095
2023-12-01,42.24155648317216,50.92641378655553,52.5949899802125,60.71751526982939,49.14414984078095,66.72431995129043,58.70943297785185,50.212897566979116,76.47479725277145,46.20864101672365,60.57796792501767,54.508472235168824,48.148161758876356,66.79949078277708,50.25702618461048,61.60351039799551,56.2344175758365,63.64104666627262,50.68045595676113,74.9112970039757,34.275026672004415,51.50221348405583
2024-01-01,56.583409732436536,52.68965632259608,56.16620514028958,49.621040254173835,53.29828777956666,52.84126940028116,60.44556466582736,61.03877299408197,60.224166869467325,48.49964827122744,49.29608897819545,54.541962262691754,60.0395065917735,43.612029557064,35.61684828631091,56.94225434640488,66.47513170585455,50.235129390557596,60.360425696369965,59.203516861801475,61.80485043315787,49.36631478834778
2024-02-01,57.63970159629081,50.44736654378768,63.71152551666014,59.69180778315741,49.82347120829465,47.17132438720197,45.54128319089623,52.34710953040739,61.71487637510231,55.539004700266766,47.413088261035426,48.89238381506063,39.909166933439124,62.038688171452435,50.63317266921213,57.584573633196285,52.535132308452276,42.32471931770214,49.738491773282334,55.44240058425112,41.093449122439544,46.27912773438399
2024-03-01,60.532066589879115,57.71429172105129,52.68505762878042,45.23911824483665,34.488245982860164,69.92596984859365,64.76996637758967,58.57742124640101,37.669592281215174,39.653377628427606,39.62492861284499,48.72808529414638,37.07436769074716,55.14370918094659,46.92330973081067,50.9372862431755,52.4707580800915,52.848540463994325,67.26922899305322,52.92617617887979,67.4748500682542,37.13981742425342
2024-04-01,57.72762744665603,60.158981175886666,58.565937162892745,46.87146321601118,54.46007286843559,69.35317336141617,62.223299628966885,61.42487744152871,44.607508095737124,54.731047620413264,48.648662951745216,69.48010784275687,51.50952471754765,50.454908989565865,45.65918443187611,52.10332322706044,41.0322695895645,45.88586644741484,60.2958455902979,55.27686738868658,67.1761058082689,39.25532501342303
2024-05-01,45.008291685583394,44.476490332516896,45.41948606505253,52.2963280896312,69.86380024014234,54.96368702192992,58.47719872361797,53.75710655038267,43.89771270767129,38.97164289740528,52.45025986330249,51.11561481291567,49.157199689743344,61.365203093766645,35.0782770259238,53.08920862292076,59.404930262558636,50.1641554351344,51.235826487010314,41.98680712597094,35.77714849022357,40.90535175387792
2024-06-01,57.01669302308721,44.94621609181971,59.54900513059552,46.2626464455044,40.93616634160366,59.000966622036245,58.51633328072167,58.284269008716166,42.913424419167164,40.393386145655974,55.82777984780039,64.7074610936094,49.7283334167729,47.80409495805916,36.824143749079816,52.69020853580355,48.16458736826676,45.20618155454113,49.35500975238438,29.729581328216362,50.04732497524123,44.20904736925537
2024-07-01,58.74960090855828,52.61649177408467,49.432997095972624,42.542113744275326,52.72581923850052,50.30299376690504,56.64679353671406,45.22878884231359,43.73012727148711,50.87030341902293,55.138270909897145,44.07818523256336,48.55101436211204,49.135501004001505,39.35873129370817,61.830489202659095,61.643950835411744,46.08481652415376,57.50213067862965,53.676566884647194,58.06037986054224,52.3781703987935
2024-08-01,48.4876992136961,52.65734247806963,63.68281120372257,45.494555759430206,45.34519631823414,52.180494037342285,51.312405865017695,55.178240606730746,49.1888177434783,42.34667085894793,42.06795123165271,53.12584919846164,55.46523419298516,41.49751487955766,50.683334673074576,45.34121402354799,40.71361624163584,53.473773869624466,62.29006329941429,52.87171486991328,36.842632748911655,51.128328201869465
2024-09-01,49.83553592839562,44.33367487624886,56.543029474853626,56.309568377287604,38.88028448013885,61.30276297527553,61.199153168136576,56.756528154936674,39.93454024108271,51.74644109764779,53.291715978363094,43.198162881784334,51.464979783860464,57.89406628698909,41.96676345538901,44.38642792230583,46.22048105685966,63.45249813541083,61.95614662215509,60.484530160578124,54.35784813914444,57.56572951656493
2024-10-01,49.94413983115267,48.15988595810431,57.308111588255585,47.113523232599746,51.217114836365575,46.70412581782649,49.93491229349857,61.91965360922501,48.26638191586527,47.1611449107361,60.8653482546214,55.84728233874383,49.4540766462253,57.618711285785075,45.6859085840699,51.278919912705916,52.90515624113102,49.42033181417322,60.302746858352414,38.07229816282293,49.41029645726765,42.68794141229762
2024-11-01,59.56701306004217,57.25089427433943,59.215454408934555,56.12436144706153,44.38151639052713,55.53568363065256,57.51010625604493,56.93428938016198,48.94146858240015,47.420129644071515,59.83424516179441,50.989878923921594,55.68100455333819,52.13763867223246,44.81487505226054,41.69363908687849,52.41075607881869,24.011274511031495,60.072862404298746,58.578819494811526,46.40713331277794,41.76646168948203
2024-12-01,49.40731445757404,44.897563759080285,54.501117823154594,55.443712115049706,43.228356367897426,54.505594809479675,58.71852064342681,65.11800950248744,43.56960712242739,52.638341726179675,50.642345163562275,60.12045001465955,49.054513852826496,52.20634363525813,47.06660207578506,46.09283439547363,51.49006276930085,34.8543593977421,54.23357631132363,55.06876701291713,48.98769504370465,44.98536918600918
2025-01-01,57.55802161963631,55.553746013304405,61.82959537170492,43.6295692935605,55.86521042943361,53.875286883095406,52.26983159161001,41.854521873189675,45.394107361340254,41.65220866207394,57.79446906144685,55.6584429606843,46.25514192123437,56.94405605609945,44.57328017941587,46.22085343214977,60.997958590421504,37.88166460248279,57.935968501411324,54.21630492734918,44.841692049260885,54.137587725722234
2025-02-01,58.22631127201278,56.312771542683116,53.136704955480525,41.12507430159795,43.63004626645842,62.113550204083644,57.10806584082358,59.58725686721513,65.32297052082902,50.792848652012765,45.666432995922285,52.78320016568148,49.28687362059975,50.287347510883045,47.43709750787165,50.17324985663215,47.433701932971836,48.73625583227131,47.91883345326273,77.37843141815692,43.283428681485276,56.285751165524886
2025-03-01,56.73762491061843,55.07145608327748,57.48501692476374,58.422775046652006,40.35525567277452,60.1248565211309,48.970146732870134,46.817610740554294,64.91364156744349,36.57211752055611,58.03901916231436,52.752373678741904,54.91946992893177,51.91897796808888,47.3331618653452,42.12598387999305,54.6315420093581,53.54874026820604,47.86102820503858,66.8691135028532,41.87898285913487,55.25246655264627
2025-04-01,52.92204102331951,57.33910149632422,46.55661053081364,47.883077604705505,36.76589252073883,57.50889355993902,63.32172262803064,51.87735909360866,54.901918347863656,45.735433986313396,54.813463590875,49.98163382225665,58.103347920583715,54.5664127393671,46.06789240926879,66.4727309629824,52.44804529629992,52.53222051410344,52.52427146254856,60.72811976538923,42.958033413637594,57.517113449330786
2025-05-01,56.10202418856563,52.447850452390085,44.74098706142105,61.896842846304814,61.02381493259093,57.669655980102874,56.528102285715235,64.01578267378652,49.50016229311183,45.33376582036378,39.74502332434614,66.84643260854622,50.107826449541655,58.378108869463645,48.281928167797425,37.74507829009077,56.0244239152494,57.07959997635516,46.23261814952912,58.726966362082024,42.1732612493866,59.91340444581485
2025-06-01,43.095652732814145,54.60137340845371,52.31223325907655,50.94892302084522,55.5590336419617,55.06224865177091,51.22135175007004,57.35391084938778,58.46083830855282,61.721636601720576,63.417268346006836,43.67885827989278,48.79518243643629,58.50604855281603,49.51076675788665,54.52646132289255,43.896838616729745,60.8307369268708,61.61877929167956,45.27349783118386,64.84695872713837,44.76835760208864
2025-07-01,51.984267575325255,54.976323549118284,46.00068058028751,50.39219216087463,39.58596696138586,51.10040610307901,50.557819855483544,56.587410522583326,49.72884638549108,42.71010800649229,57.3485636046272,57.85197281217418,55.475896516581436,55.897078556486704,45.47151876208348,57.60322091676481,54.07794611926024,53.30086487021355,57.87754869122903,53.46564675300158,59.22827580242867,47.63187728024877
2025-08-01,61.40408846795229,54.18150728237209,48.32145567082444,43.244685937580755,48.00042561460217,58.93745897767927,57.48994603763654,54.03391836824584,44.180384560633875,54.98300338008916,66.01902651504273,50.17678103857478,38.85763212540138,42.74232333392404,42.59451018561675,41.02704061558466,53.900469139732564,54.08098207751629,51.92793140125319,45.05045128075417,54.755766150909366,47.32136346550305
2025-09-01,52.696870606632906,49.48523080112672,44.39128501446166,44.0561417838616,43.110994025181164,60.54625951427752,64.25072073242303,48.807049019749975,52.093484645004835,51.308039617350744,56.38243760690169,55.394138385201806,58.53964784158293,48.84964180792745,47.16024975878409,52.65631367787422,51.53115898585342,45.45589358951474,54.274292519683165,48.399521006008484,43.89134830789589,44.65250301658777
2025-10-01,48.00660432854518,47.26284599586626,55.74493430463936,49.92876544725854,58.72441308916565,59.070210177723055,55.55988502614696,51.23747875821952,52.99610019885549,49.19833376742598,51.36551997097107,55.85750661547745,42.29827934802829,49.97849012057018,50.80864411089717,71.79603608053323,58.19984869296027,47.61635361154823,65.83512094414549,55.03960001963122,45.82221964025754,52.866207657102294
